{
  "iterations": [
    {
      "position_rmse_mm": 23.411381198707453,
      "position_mean_mm": 19.985124010978453,
      "position_median_mm": 17.450239393923788,
      "position_95th_mm": 41.99387874485334,
      "position_max_mm": 88.56194287055372,
      "orientation_rmse_deg": 21.736842628394353,
      "orientation_mean_deg": 8.277392518517555,
      "orientation_median_deg": 5.799164021847542,
      "orientation_95th_deg": 16.94716224553029,
      "success_rate_pct": 0.0,
      "avg_inference_ms": 0.18305310799041763,
      "max_inference_ms": 5.099948000861332,
      "std_inference_ms": 0.3207462157947841,
      "joint_rmse_deg": [
        2.5496989283326403,
        2.9378050002847407,
        2.6476769745910897,
        14.754967933023647,
        5.530922822591245,
        14.63800098276793
      ],
      "n_evaluated": 5000,
      "n_valid": 5000,
      "iteration": 1
    },
    {
      "position_rmse_mm": 24.99768129505478,
      "position_mean_mm": 21.29763541878328,
      "position_median_mm": 18.760604391108938,
      "position_95th_mm": 46.566913062161795,
      "position_max_mm": 113.28955196217667,
      "orientation_rmse_deg": 27.36849951869168,
      "orientation_mean_deg": 10.495579378875401,
      "orientation_median_deg": 7.13547334549698,
      "orientation_95th_deg": 19.93305791418999,
      "success_rate_pct": 0.0,
      "avg_inference_ms": 0.6232660710084019,
      "max_inference_ms": 26.010497997049242,
      "std_inference_ms": 1.6984352554411877,
      "joint_rmse_deg": [
        3.5985081210362413,
        4.069568777494973,
        1.8259946391151645,
        18.28842922411727,
        7.228914152243311,
        18.278828136467382
      ],
      "n_evaluated": 5000,
      "n_valid": 5000,
      "iteration": 2
    },
    {
      "position_rmse_mm": 57.95620016039858,
      "position_mean_mm": 51.67041569754891,
      "position_median_mm": 47.61962172090848,
      "position_95th_mm": 99.83899847678518,
      "position_max_mm": 151.726271216254,
      "orientation_rmse_deg": 45.37162904990286,
      "orientation_mean_deg": 20.33964235949965,
      "orientation_median_deg": 14.12038842695231,
      "orientation_95th_deg": 34.652506593835035,
      "success_rate_pct": 0.0,
      "avg_inference_ms": 0.7095692579314345,
      "max_inference_ms": 15.701512995292433,
      "std_inference_ms": 0.7973515929827906,
      "joint_rmse_deg": [
        6.438216486389713,
        4.006347149483074,
        5.605702772444758,
        13.191061826308086,
        8.31967268918539,
        12.82132190322455
      ],
      "n_evaluated": 5000,
      "n_valid": 5000,
      "iteration": 3
    }
  ],
  "numerical_baseline": {
    "avg_solve_time_ms": 15.018794875737512,
    "max_solve_time_ms": 22.559812990948558,
    "success_rate_pct": 100.0,
    "position_rmse_mm": 0.11205412449360881,
    "n_samples": 500
  },
  "best_iteration": 1,
  "speedup_factor": 82.04610695014098
}