{
  "position_rmse_mm": 23.411381198707453,
  "position_mean_mm": 19.985124010978453,
  "position_median_mm": 17.450239393923788,
  "position_95th_mm": 41.99387874485334,
  "position_max_mm": 88.56194287055372,
  "orientation_rmse_deg": 21.736842628394353,
  "orientation_mean_deg": 8.277392518517555,
  "orientation_median_deg": 5.799164021847542,
  "orientation_95th_deg": 16.94716224553029,
  "success_rate_pct": 0.0,
  "avg_inference_ms": 0.18305310799041763,
  "max_inference_ms": 5.099948000861332,
  "std_inference_ms": 0.3207462157947841,
  "joint_rmse_deg": [
    2.5496989283326403,
    2.9378050002847407,
    2.6476769745910897,
    14.754967933023647,
    5.530922822591245,
    14.63800098276793
  ],
  "n_evaluated": 5000,
  "n_valid": 5000
}