{
  "iterations": [
    {
      "position_rmse_mm": 377.242865022641,
      "position_mean_mm": 289.82856493742594,
      "position_median_mm": 228.35623378243088,
      "position_95th_mm": 745.3637112975714,
      "position_max_mm": 1416.232220788172,
      "orientation_rmse_deg": 200.8217208376766,
      "orientation_mean_deg": 176.4205513940357,
      "orientation_median_deg": 161.22152767702283,
      "orientation_95th_deg": 356.25738047923755,
      "success_rate_pct": 0.0,
      "avg_inference_ms": 0.17764734901720658,
      "max_inference_ms": 5.773024997324683,
      "std_inference_ms": 0.28342816638926216,
      "joint_rmse_deg": [
        59.35171823161364,
        61.18264809996106,
        38.272372789851886,
        159.85527881910267,
        54.401449257738385,
        158.6832362765267
      ],
      "n_evaluated": 5000,
      "n_valid": 5000,
      "iteration": 1
    },
    {
      "position_rmse_mm": 377.935022156556,
      "position_mean_mm": 285.83986748426713,
      "position_median_mm": 224.85480050787322,
      "position_95th_mm": 750.5330430496831,
      "position_max_mm": 1454.1021472997138,
      "orientation_rmse_deg": 199.27060895324576,
      "orientation_mean_deg": 175.2906945490211,
      "orientation_median_deg": 159.6244720287333,
      "orientation_95th_deg": 347.58571319138787,
      "success_rate_pct": 0.0,
      "avg_inference_ms": 0.29135656330618076,
      "max_inference_ms": 0.4873430007137358,
      "std_inference_ms": 0.01385637337588113,
      "joint_rmse_deg": [
        59.692069246127296,
        60.89721009145704,
        38.21270113571972,
        158.43300598238594,
        53.97956208436965,
        158.24269401230862
      ],
      "n_evaluated": 5000,
      "n_valid": 5000,
      "iteration": 2
    },
    {
      "position_rmse_mm": 335.32327538784614,
      "position_mean_mm": 249.35066349886722,
      "position_median_mm": 175.9227638185709,
      "position_95th_mm": 678.5599187034267,
      "position_max_mm": 1417.9333614599745,
      "orientation_rmse_deg": 202.90706487543815,
      "orientation_mean_deg": 178.44646762985755,
      "orientation_median_deg": 164.58399642099397,
      "orientation_95th_deg": 353.0420087540543,
      "success_rate_pct": 0.0,
      "avg_inference_ms": 0.5290511761559173,
      "max_inference_ms": 2.742316006333567,
      "std_inference_ms": 0.10235351880026539,
      "joint_rmse_deg": [
        58.944711101744026,
        60.04744875487151,
        37.259395992294465,
        158.70425657103212,
        54.07203282782811,
        158.4620374418344
      ],
      "n_evaluated": 5000,
      "n_valid": 5000,
      "iteration": 3
    }
  ],
  "numerical_baseline": {
    "avg_solve_time_ms": 22.068440825969446,
    "max_solve_time_ms": 30.186295000021346,
    "success_rate_pct": 100.0,
    "position_rmse_mm": 0.1357609249658267,
    "n_samples": 500
  },
  "best_iteration": 3,
  "speedup_factor": 41.71324405007206
}