{
  "position_rmse_mm": 57.95620016039858,
  "position_mean_mm": 51.67041569754891,
  "position_median_mm": 47.61962172090848,
  "position_95th_mm": 99.83899847678518,
  "position_max_mm": 151.726271216254,
  "orientation_rmse_deg": 45.37162904990286,
  "orientation_mean_deg": 20.33964235949965,
  "orientation_median_deg": 14.12038842695231,
  "orientation_95th_deg": 34.652506593835035,
  "success_rate_pct": 0.0,
  "avg_inference_ms": 0.7095692579314345,
  "max_inference_ms": 15.701512995292433,
  "std_inference_ms": 0.7973515929827906,
  "joint_rmse_deg": [
    6.438216486389713,
    4.006347149483074,
    5.605702772444758,
    13.191061826308086,
    8.31967268918539,
    12.82132190322455
  ],
  "n_evaluated": 5000,
  "n_valid": 5000
}