{
  "position_rmse_mm": 24.99768129505478,
  "position_mean_mm": 21.29763541878328,
  "position_median_mm": 18.760604391108938,
  "position_95th_mm": 46.566913062161795,
  "position_max_mm": 113.28955196217667,
  "orientation_rmse_deg": 27.36849951869168,
  "orientation_mean_deg": 10.495579378875401,
  "orientation_median_deg": 7.13547334549698,
  "orientation_95th_deg": 19.93305791418999,
  "success_rate_pct": 0.0,
  "avg_inference_ms": 0.6232660710084019,
  "max_inference_ms": 26.010497997049242,
  "std_inference_ms": 1.6984352554411877,
  "joint_rmse_deg": [
    3.5985081210362413,
    4.069568777494973,
    1.8259946391151645,
    18.28842922411727,
    7.228914152243311,
    18.278828136467382
  ],
  "n_evaluated": 5000,
  "n_valid": 5000
}