{
  "train_loss": [
    0.8208160417811606,
    0.7633502039132884,
    0.7501128502578974,
    0.7420791475907248,
    0.7364285788605756,
    0.7325631729745168,
    0.7284522383845176,
    0.7261836925727589,
    0.7228634954743196,
    0.7211590909509917,
    0.7194777837874745,
    0.7178931569754455,
    0.7145970794751401,
    0.7131477838269356,
    0.7120441495750045,
    0.7102552822835759,
    0.7093335604120147,
    0.7076662629531669,
    0.7056111418379623,
    0.7043762175922353,
    0.7021386503924407,
    0.7016330660011674,
    0.7017069928083639,
    0.6995793755218729,
    0.6978546351132164,
    0.6974119130903097,
    0.6963733269177798,
    0.6958762422235126,
    0.6944034813839111,
    0.6936352317666709,
    0.6915449669316318,
    0.6908426746446056,
    0.6909016157988467,
    0.6897811788855615,
    0.6881964820162986,
    0.6870027481887435,
    0.6870232622658285,
    0.6850896533695293,
    0.6847132317457418,
    0.6836884111352654,
    0.6826530620300197,
    0.6830607288067924,
    0.6809033330895458,
    0.6808916507036054,
    0.6799041122384758,
    0.6790531173130665,
    0.6782271691553279,
    0.677865699960195,
    0.6770957435844835,
    0.6762530109329861,
    0.6758781177514779,
    0.6745626846783346,
    0.6745069387810215,
    0.6735473735596292,
    0.6732664887243124,
    0.6720402509534036,
    0.6716346086191484,
    0.6709828218736827,
    0.669949802824749,
    0.6702309387710746,
    0.669430829289064,
    0.6686658815700475,
    0.6673781977565901,
    0.6679458811039218,
    0.6664563215849046,
    0.6666028647681617,
    0.6655495673231392,
    0.6654998692440838,
    0.6644810658407112,
    0.6644730719743541,
    0.6641411651898028,
    0.6640339364338519,
    0.6617055160765359,
    0.6624170526831036,
    0.6610109336938639,
    0.6611763669453982,
    0.6607760373884054,
    0.6598226703034562,
    0.6593148606306327,
    0.6583767585565252,
    0.6586285453748604,
    0.6584788692769029,
    0.65767956887506,
    0.6566449280571589,
    0.6557228507975695,
    0.65664652717885,
    0.656210279539383,
    0.6449602175356202,
    0.641258287529358,
    0.6394723524380328,
    0.6384749112646864,
    0.6371113839627308,
    0.6367414415753709,
    0.635107744212937,
    0.6350184452558609,
    0.6349355521182177,
    0.6326652874777362,
    0.6321314550889559,
    0.6327981477241675,
    0.6239984322938142
  ],
  "val_loss": [
    0.7560071979911582,
    0.7385649154487165,
    0.7289820041471314,
    0.7213637840400622,
    0.715701974132686,
    0.7194398224932476,
    0.7153975188153462,
    0.7114128030619575,
    0.7069546528232907,
    0.708824598094792,
    0.7049097488227399,
    0.7041443181269377,
    0.7026160532988391,
    0.702115327987856,
    0.7004662098236454,
    0.7004553351587463,
    0.6966301289576928,
    0.698119121269115,
    0.6977559530619278,
    0.6952914514587921,
    0.6947237901317264,
    0.6956791021291492,
    0.7006095809843934,
    0.6925978394387995,
    0.6955233586644664,
    0.6910463282205526,
    0.694074431090679,
    0.6912953714722568,
    0.6888399725978814,
    0.6896254825360567,
    0.6885121892956854,
    0.6882389413500295,
    0.687171599239979,
    0.6907825718805628,
    0.6859069356640566,
    0.6849757380855893,
    0.6882073503096127,
    0.6848117292506023,
    0.6880659021220161,
    0.6864114739362476,
    0.683770198266483,
    0.683334069344604,
    0.6840443171343757,
    0.6835847983082521,
    0.6836012468754666,
    0.6814988116616184,
    0.6851779060456359,
    0.6827650012321842,
    0.6804368409138282,
    0.6818665080857509,
    0.6796397902433154,
    0.6816276769036228,
    0.6811206757443623,
    0.6821538308291759,
    0.6799934842054126,
    0.6802276997890288,
    0.6798477959864347,
    0.6801121987185432,
    0.67878004937496,
    0.6813006574667774,
    0.6810044495804796,
    0.6785599485184383,
    0.6801272335561733,
    0.6797711096921013,
    0.6793194916641828,
    0.680784943034348,
    0.6784808919267747,
    0.6785560065102809,
    0.6780486315199472,
    0.6803411708294766,
    0.6802003105867256,
    0.6784222247531113,
    0.6764210439422755,
    0.6806918851380209,
    0.6798253759597112,
    0.674841474560858,
    0.6774741364914236,
    0.6775072679936307,
    0.6783729374987407,
    0.6787095567555104,
    0.6798483306921802,
    0.6782072776729621,
    0.6792493850282095,
    0.6772835960665953,
    0.6779196383883652,
    0.6805531017988631,
    0.6780557644020007,
    0.6728944263411957,
    0.6755549826668305,
    0.675736877524737,
    0.6749442410700529,
    0.6760999537208705,
    0.6752167135766409,
    0.6756971709936568,
    0.6766360303730641,
    0.677403287980163,
    0.676883262916676,
    0.6780848937127196,
    0.679135844545457,
    0.6777976710819503
  ],
  "lr": [
    0.001,
    0.001,
    0.001,
    0.001,
    0.001,
    0.001,
    0.001,
    0.001,
    0.001,
    0.001,
    0.001,
    0.001,
    0.001,
    0.001,
    0.001,
    0.001,
    0.001,
    0.001,
    0.001,
    0.001,
    0.001,
    0.001,
    0.001,
    0.001,
    0.001,
    0.001,
    0.001,
    0.001,
    0.001,
    0.001,
    0.001,
    0.001,
    0.001,
    0.001,
    0.001,
    0.001,
    0.001,
    0.001,
    0.001,
    0.001,
    0.001,
    0.001,
    0.001,
    0.001,
    0.001,
    0.001,
    0.001,
    0.001,
    0.001,
    0.001,
    0.001,
    0.001,
    0.001,
    0.001,
    0.001,
    0.001,
    0.001,
    0.001,
    0.001,
    0.001,
    0.001,
    0.001,
    0.001,
    0.001,
    0.001,
    0.001,
    0.001,
    0.001,
    0.001,
    0.001,
    0.001,
    0.001,
    0.001,
    0.001,
    0.001,
    0.001,
    0.001,
    0.001,
    0.001,
    0.001,
    0.001,
    0.001,
    0.001,
    0.001,
    0.001,
    0.001,
    0.001,
    0.0005,
    0.0005,
    0.0005,
    0.0005,
    0.0005,
    0.0005,
    0.0005,
    0.0005,
    0.0005,
    0.0005,
    0.0005,
    0.0005,
    0.00025
  ],