{
  "train_loss": [
    0.8163110272869437,
    0.7727431361262136,
    0.7595377603005268,
    0.7526376519919935,
    0.747118630588428,
    0.7435974889359046,
    0.7416048587488481,
    0.739547807139992,
    0.7365344240172671,
    0.7357762322794171,
    0.7330646256066563,
    0.7319743989156035,
    0.7310127421809138,
    0.7306542527202774,
    0.7293733299898454,
    0.7281345845762026,
    0.7272345432408917,
    0.7251979641476355,
    0.7252231186765221,
    0.7243167811495277,
    0.7241052695256435,
    0.7234972243766944,
    0.7215945380963463,
    0.7221994192216988,
    0.7206906828103832,
    0.7215438635712625,
    0.7200130850138893,
    0.7191665080494573,
    0.7187219431355503,
    0.7192538619539185,
    0.7179500738116047,
    0.7178826304716457,
    0.7171850941126431,
    0.7164008947155421,
    0.7168302691555223,
    0.7151599673239324,
    0.7167055158873938,
    0.7156221631424412,
    0.7143741182842932,
    0.7142494894517488,
    0.7149455549821475,
    0.7143148972744235,
    0.7128392297440133,
    0.7135420566063087,
    0.7122195232387375,
    0.7125982419434072,
    0.7129410546358542,
    0.7122439335183958,
    0.712659419578401,
    0.7121054471659013,
    0.7110511137946414,
    0.7104083435271628,
    0.711123260426372,
    0.7114758625906544,
    0.7098437703228196,
    0.7089687341936943,
    0.7103940017039193,
    0.7105327239862812,
    0.710298642858334,
    0.7098230527935546,
    0.7102259046598367,
    0.7091036349348335,
    0.7098560746378092,
    0.7079834908184777,
    0.7090801759652156,
    0.7078362743142751,
    0.7090980087043348,
    0.7080897489768727,
    0.7086348019711409,
    0.7072361148971605,
    0.7071131915787316,
    0.7077721853843562,
    0.7071927400123103,
    0.7081184210508502,
    0.706882661593483,
    0.7067163865352224,
    0.7058291312050471,
    0.7065207670775236,
    0.7060107176886222,
    0.7067589889239667,
    0.706559065986028,
    0.7060798017117574,
    0.7053339493797318,
    0.7057324360457243,
    0.7047494368662665,
    0.705357985108282,
    0.7046285289065574,
    0.705859314051451,
    0.7048334733180561,
    0.7051410397557476,
    0.7041185982292032,
    0.7057033122705766,
    0.7044049248814832,
    0.7045556442473776,
    0.7044457558052525,
    0.6994419422677265,
    0.6965996691478817,
    0.6954493085875143,
    0.6948407205261119,
    0.6941620492238342
  ],
  "val_loss": [
    0.761258534436087,
    0.7363892492738743,
    0.7292305300536664,
    0.7254953696889784,
    0.7197725813365677,
    0.7163153250240585,
    0.7148810150553879,
    0.7124361852997715,
    0.7118819112916595,
    0.7080222547632976,
    0.7080678847229597,
    0.7063380011077066,
    0.705164278016507,
    0.7056067910009217,
    0.7049875942248742,
    0.7017550260117911,
    0.7021373672392762,
    0.702392091450182,
    0.7019123932690297,
    0.6972462280282696,
    0.6979441492302904,
    0.6983691968964142,
    0.6960903979042201,
    0.6973282879996068,
    0.6995875430338591,
    0.6984368863615017,
    0.6983550954790949,
    0.6953314803179028,
    0.6978805834807239,
    0.6948377351159031,
    0.6952011093352605,
    0.6950842576119506,
    0.6955461860860436,
    0.6933875332758265,
    0.6948263946088772,
    0.694359613275065,
    0.6954147237018474,
    0.6921318387522281,
    0.6917505918197262,
    0.6925130712175832,
    0.6924827399763088,
    0.6913817478615103,
    0.6894643046323535,
    0.6936942269501177,
    0.6911781534407903,
    0.6911958288220525,
    0.6897328721666799,
    0.6917949833916229,
    0.689195007375143,
    0.6905854419597144,
    0.6882669422232989,
    0.6910810817792578,
    0.6901072865550958,
    0.6888680377052826,
    0.6889311491864399,
    0.688501744015703,
    0.6893761401037568,
    0.6897485505029993,
    0.6909121639520219,
    0.6889546872342674,
    0.6906949327987375,
    0.6867063357992079,
    0.6878640449162826,
    0.6888877870967087,
    0.6879773365641103,
    0.6899686611971809,
    0.6877488158281567,
    0.6880709436333295,
    0.6881799350664454,
    0.6892530194763998,
    0.688377523306504,
    0.6855342474955957,
    0.6888843311846835,
    0.6882863276213118,
    0.6866426508403519,
    0.6870476487770821,
    0.6888285562830064,
    0.6847130326391424,
    0.6870832767301392,
    0.688302092760512,
    0.6844869244445875,
    0.6863716603482811,
    0.6875604529982632,
    0.683895076941518,
    0.6857866968923402,
    0.68509878811327,
    0.6869991583731568,
    0.6877852394742873,
    0.6850995056837508,
    0.6881607684116919,
    0.6871836168094746,
    0.685627583739827,
    0.6871418455272045,
    0.687102135524009,
    0.6858089149576946,
    0.6801231596076373,
    0.6794544412094412,
    0.6789435900530769,
    0.6820810147859517,
    0.6794630005521681
  ],
  "lr": [
    0.001,
    0.001,
    0.001,
    0.001,
    0.001,
    0.001,
    0.001,
    0.001,
    0.001,
    0.001,
    0.001,
    0.001,
    0.001,
    0.001,
    0.001,
    0.001,
    0.001,
    0.001,
    0.001,
    0.001,
    0.001,
    0.001,
    0.001,
    0.001,
    0.001,
    0.001,
    0.001,
    0.001,
    0.001,
    0.001,
    0.001,
    0.001,
    0.001,
    0.001,
    0.001,
    0.001,
    0.001,
    0.001,
    0.001,
    0.001,
    0.001,
    0.001,
    0.001,
    0.001,
    0.001,
    0.001,
    0.001,
    0.001,
    0.001,
    0.001,
    0.001,
    0.001,
    0.001,
    0.001,
    0.001,
    0.001,
    0.001,
    0.001,
    0.001,
    0.001,
    0.001,
    0.001,
    0.001,
    0.001,
    0.001,
    0.001,
    0.001,
    0.001,
    0.001,
    0.001,
    0.001,
    0.001,
    0.001,
    0.001,
    0.001,
    0.001,
    0.001,
    0.001,
    0.001,
    0.001,
    0.001,
    0.001,
    0.001,
    0.001,
    0.001,
    0.001,
    0.001,
    0.001,
    0.001,
    0.001,
    0.001,
    0.001,
    0.001,
    0.001,
    0.001,
    0.0005,
    0.0005,
    0.0005,
    0.0005,
    0.0005
  ],