{
  "train_loss": [
    0.8356607006337797,
    0.7902468367011164,
    0.7706645468331578,
    0.7606268484059854,
    0.7533462152102794,
    0.7489164051034007,
    0.7448102675051679,
    0.7422984646854919,
    0.7383716747258053,
    0.7366096919911889,
    0.7344141837699428,
    0.7329626107016785,
    0.7315808204867894,
    0.7293447465140038,
    0.7280494732498376,
    0.7267040787011945,
    0.7258549733301294,
    0.7253739134503805,
    0.7239219277537192,
    0.7228329309839794,
    0.7217850135114348,
    0.7206707102769601,
    0.7203871679953096,
    0.7191520486345868,
    0.7188606583250838,
    0.7187677321951673,
    0.7181623485989262,
    0.7173841509789166,
    0.7161273493398456,
    0.7155374690485896,
    0.715554732992654,
    0.7149245631968552,
    0.7148531982694638,
    0.7144221026364846,
    0.71358998234934,
    0.7136947548712967,
    0.7125304132264442,
    0.7123340034783509,
    0.7127369059899157,
    0.71151661922638,
    0.711105155048888,
    0.7114359553522257,
    0.7108463336381136,
    0.7106945388999015,
    0.7100328474552497,
    0.7104101504562792,
    0.7093585438419733,
    0.7088060849394828,
    0.7099144400286027,
    0.7089241384713286,
    0.7083866881179411,
    0.7079504987143276,
    0.7083429496323141,
    0.7075968875018938,
    0.7071927116409971,
    0.7074810310047206,
    0.7073845327024918,
    0.7069262073283902,
    0.7068204214030367,
    0.7064679822493695,
    0.7066187433011846,
    0.7064779209194701,
    0.7063463169746956,
    0.7058999346790832,
    0.7064317904086103,
    0.7051276304527713,
    0.7050953134116649,
    0.7053636385901736,
    0.7045737694101194,
    0.7044318360675103,
    0.70459660047778,
    0.7044904828071594,
    0.7044014930725098,
    0.7039175046012894,
    0.7029398909939107,
    0.7038721397425785,
    0.7029232822031964,
    0.7037860145150744,
    0.703117502756059,
    0.7032398430937765,
    0.7035628552227777,
    0.7030425227260789,
    0.7023918596339375,
    0.7024816698968286,
    0.702299125881434,
    0.7026344266465412,
    0.702214243143237,
    0.7016668420494971,
    0.7027395621470967,
    0.7018769119627043,
    0.7018902265702011,
    0.7013785153440742,
    0.701651039850239,
    0.7013062504985387,
    0.7014436205394083,
    0.701477164764245,
    0.7011141841745078,
    0.7010670294343554,
    0.7010005859343145,
    0.7005097445466075
  ],
  "val_loss": [
    0.7803634463004696,
    0.7490284610720515,
    0.7351237709082447,
    0.7264996628159458,
    0.7219474500822789,
    0.7208084302041137,
    0.7187888570202207,
    0.7127956557042391,
    0.7105855166333394,
    0.7106632329885242,
    0.7114823240678287,
    0.7090037395653216,
    0.7078009664433674,
    0.7052834016605488,
    0.7040938792876827,
    0.7032990935936715,
    0.7069447844931223,
    0.7055514234940983,
    0.6990820875445616,
    0.7012502244375285,
    0.7000543162660692,
    0.6985063165136911,
    0.6975958700318938,
    0.698839139591143,
    0.6950391357384839,
    0.6991418079265113,
    0.6944578695065767,
    0.6968517916873821,
    0.694464065496204,
    0.6957955343052021,
    0.69619118588642,
    0.6942989467417152,
    0.6949780537086783,
    0.6935367138640395,
    0.6929561692534141,
    0.6919875139171637,
    0.6935491978543477,
    0.6938660474656855,
    0.6920058542084926,
    0.6919885694401936,
    0.6924377309465871,
    0.69260560771794,
    0.6914263419734622,
    0.6919059157371521,
    0.6918050311144116,
    0.6940847241762772,
    0.6893175904033253,
    0.6911920129674153,
    0.6920391147576489,
    0.6929136115370444,
    0.6919679039890326,
    0.6909445489494546,
    0.6906952377661918,
    0.6907566172405354,
    0.6899083997439412,
    0.6894531996504775,
    0.6883561755847005,
    0.6895068548258069,
    0.6877472707368795,
    0.6878623690419984,
    0.689514318137493,
    0.6891940866859214,
    0.6913200802016026,
    0.6879151504016617,
    0.6888771300176972,
    0.6887865784098801,
    0.6884533288409409,
    0.6882774766209057,
    0.6869194339779974,
    0.6874029277597816,
    0.6867246894003118,
    0.6871315015172496,
    0.6872019698318926,
    0.6871860472901353,
    0.6869290002341409,
    0.6865426672315135,
    0.6879449376782167,
    0.6866157095409134,
    0.6894522199352968,
    0.6881912732587278,
    0.6870926016742743,
    0.687522589581684,
    0.6888067051044946,
    0.6877377039020501,
    0.6864225685017781,
    0.687844707549197,
    0.6850827498343385,
    0.6855453987723416,
    0.6863613672626828,
    0.6856620739964605,
    0.6880642910605496,
    0.687606741502447,
    0.6850373530850827,
    0.6847849013735947,
    0.6859994490169784,
    0.685933277444932,
    0.6852638796695227,
    0.6879322638789427,
    0.6843632899441765,
    0.6876790014285485
  ],
  "lr": [
    0.001,
    0.001,
    0.001,
    0.001,
    0.001,
    0.001,
    0.001,
    0.001,
    0.001,
    0.001,
    0.001,
    0.001,
    0.001,
    0.001,
    0.001,
    0.001,
    0.001,
    0.001,
    0.001,
    0.001,
    0.001,
    0.001,
    0.001,
    0.001,
    0.001,
    0.001,
    0.001,
    0.001,
    0.001,
    0.001,
    0.001,
    0.001,
    0.001,
    0.001,
    0.001,
    0.001,
    0.001,
    0.001,
    0.001,
    0.001,
    0.001,
    0.001,
    0.001,
    0.001,
    0.001,
    0.001,
    0.001,
    0.001,
    0.001,
    0.001,
    0.001,
    0.001,
    0.001,
    0.001,
    0.001,
    0.001,
    0.001,
    0.001,
    0.001,
    0.001,
    0.001,
    0.001,
    0.001,
    0.001,
    0.001,
    0.001,
    0.001,
    0.001,
    0.001,
    0.001,
    0.001,
    0.001,
    0.001,
    0.001,
    0.001,
    0.001,
    0.001,
    0.001,
    0.001,
    0.001,
    0.001,
    0.001,
    0.001,
    0.001,
    0.001,
    0.001,
    0.001,
    0.001,
    0.001,
    0.001,
    0.001,
    0.001,
    0.001,
    0.001,
    0.001,
    0.001,
    0.001,
    0.001,
    0.001,
    0.001
  ],